                  epoch,         train/box_loss,         train/seg_loss,         train/cls_loss,         train/dfl_loss,   metrics/precision(B),      metrics/recall(B),       metrics/mAP50(B),    metrics/mAP50-95(B),   metrics/precision(M),      metrics/recall(M),       metrics/mAP50(M),    metrics/mAP50-95(M),           val/box_loss,           val/seg_loss,           val/cls_loss,           val/dfl_loss,                 lr/pg0,                 lr/pg1,                 lr/pg2
                      1,                0.70988,                 1.0529,                 0.7165,                 1.1739,                0.98293,                0.95904,                0.98728,                0.86091,                 0.9769,                0.95332,                0.96759,                0.62699,                0.60984,                0.28337,                0.38685,                 1.0952,              0.0033231,              0.0033231,              0.0033231
                      2,                 0.5426,                0.45807,                0.42513,                 1.0193,                0.98277,                0.96476,                0.99131,                0.87243,                0.97856,                0.96242,                0.98282,                0.66349,                0.59926,                0.24336,                0.38277,                 1.0858,              0.0066235,              0.0066235,              0.0066235
                      3,                 0.5686,                0.43765,                0.43999,                 1.0227,                0.97823,                0.96502,                0.98851,                 0.8608,                0.97236,                0.96063,                 0.9755,                0.61051,                0.63777,                0.25154,                0.41303,                 1.0882,              0.0098908,              0.0098908,              0.0098908
                      4,                0.56808,                0.45781,                0.44127,                 1.0241,                 0.9852,                 0.9698,                0.99019,                 0.8776,                0.98758,                0.97214,                0.98442,                0.68242,                0.58038,                0.22745,                0.36966,                  1.065,              0.0098515,              0.0098515,              0.0098515
                      5,                0.53465,                0.41043,                0.41258,                 1.0095,                0.98491,                0.97308,                0.99158,                0.88634,                 0.9859,                0.97503,                 0.9859,                0.71021,                0.54677,                0.22135,                0.35734,                 1.0762,               0.009802,               0.009802,               0.009802
                      6,                0.50722,                0.38539,                0.39393,                0.99354,                0.98435,                0.97305,                 0.9927,                0.90081,                 0.9867,                0.97474,                0.99057,                0.71915,                0.51667,                0.21402,                0.34433,                 1.0329,              0.0097525,              0.0097525,              0.0097525
                      7,                0.49256,                0.37599,                0.37823,                0.98858,                0.99091,                0.96827,                0.99335,                0.90042,                0.98817,                0.96655,                 0.9817,                0.69846,                0.52457,                0.20298,                0.32955,                 1.0346,               0.009703,               0.009703,               0.009703
                      8,                0.46817,                0.36055,                0.36308,                0.97546,                0.98702,                 0.9789,                0.99363,                0.90603,                0.98709,                0.98088,                0.99375,                0.74327,                0.49537,                0.18275,                0.31808,                 1.0121,              0.0096535,              0.0096535,              0.0096535
                      9,                0.45481,                0.34573,                0.35204,                0.97004,                0.98882,                0.97781,                0.99371,                0.91229,                0.98924,                0.98002,                0.99388,                0.74087,                0.47866,                0.17733,                0.30136,                 1.0205,               0.009604,               0.009604,               0.009604
                     10,                0.43676,                0.33904,                0.34048,                0.95801,                0.99235,                0.97864,                0.99394,                0.91475,                0.99433,                0.98032,                0.99408,                0.75395,                0.47137,                0.17536,                0.29546,                 1.0467,              0.0095545,              0.0095545,              0.0095545
                     11,                0.42759,                0.32453,                0.32962,                0.95324,                 0.9889,                0.98427,                0.99396,                0.91421,                0.99106,                0.98596,                 0.9944,                 0.7621,                0.45814,                0.16381,                0.28246,                 1.0147,               0.009505,               0.009505,               0.009505
                     12,                0.41288,                0.32183,                0.32253,                0.94401,                0.98755,                0.98127,                0.99371,                0.90772,                0.99016,                0.98414,                0.99439,                0.77114,                0.46524,                0.16718,                0.29527,                 1.0435,              0.0094555,              0.0094555,              0.0094555
                     13,                0.40674,                0.31609,                0.31684,                0.94271,                0.98935,                0.98479,                0.99417,                0.91612,                0.99181,                0.98765,                0.99467,                 0.7739,                0.46347,                0.15854,                0.29998,                 1.0161,               0.009406,               0.009406,               0.009406
                     14,                0.39729,                 0.3108,                 0.3093,                0.93377,                0.98877,                0.98424,                0.99401,                0.91286,                0.98877,                0.98424,                0.99428,                0.77324,                0.45482,                0.16547,                0.28718,                 1.0394,              0.0093565,              0.0093565,              0.0093565
                     15,                 0.3904,                0.30239,                0.30049,                0.93082,                0.98981,                0.98571,                0.99387,                0.91896,                0.99268,                0.98753,                0.99428,                 0.7817,                0.43037,                 0.1556,                0.26743,                0.99987,               0.009307,               0.009307,               0.009307
                     16,                0.38167,                0.29403,                0.29586,                0.92765,                0.98995,                0.98665,                0.99381,                0.91032,                0.99217,                0.98927,                0.99461,                0.78976,                0.44762,                0.14736,                0.27582,                 1.0513,              0.0092575,              0.0092575,              0.0092575
                     17,                0.37785,                0.29841,                0.29229,                0.92437,                0.98824,                 0.9801,                0.99381,                0.92106,                0.99146,                0.98172,                0.99453,                0.79898,                0.43478,                0.14631,                0.26707,                 1.0292,               0.009208,               0.009208,               0.009208
                     18,                0.36976,                0.28966,                  0.289,                0.92279,                0.99169,                0.97806,                0.99395,                0.92115,                 0.9931,                0.97945,                0.99454,                0.79209,                0.42178,                0.14712,                0.26711,                 1.0195,              0.0091585,              0.0091585,              0.0091585
                     19,                0.36708,                0.29035,                0.28589,                0.92236,                0.99174,                0.98843,                0.99439,                0.92373,                0.99299,                0.99077,                0.99476,                0.79082,                0.42306,                0.14639,                0.25297,                 1.0208,               0.009109,               0.009109,               0.009109
                     20,                0.35494,                0.28199,                0.27821,                0.91063,                 0.9921,                0.98778,                0.99429,                0.92701,                0.99547,                0.98973,                0.99486,                0.79715,                0.41758,                0.14074,                0.25618,                 1.0255,              0.0090595,              0.0090595,              0.0090595
                     21,                0.35288,                0.28566,                0.27685,                0.91006,                 0.9919,                0.98609,                0.99436,                 0.9267,                0.99465,                0.98882,                0.99478,                0.81052,                0.41145,                0.13999,                0.25541,                 1.0207,                0.00901,                0.00901,                0.00901
                     22,                0.34862,                0.27463,                0.26994,                0.90928,                0.99155,                0.98921,                0.99431,                0.93297,                0.99445,                0.99064,                0.99484,                0.81917,                0.40514,                0.13368,                0.25176,                 1.0382,              0.0089605,              0.0089605,              0.0089605
                     23,                 0.3455,                0.27358,                0.26623,                0.90934,                0.99222,                0.98999,                0.99397,                0.92891,                0.99419,                0.99064,                0.99486,                0.82126,                0.40119,                 0.1332,                0.24352,                 1.0221,               0.008911,               0.008911,               0.008911
                     24,                0.34221,                0.27465,                 0.2629,                0.90444,                0.98948,                0.98713,                0.99406,                0.92568,                0.99202,                0.98653,                0.99475,                0.81888,                0.39824,                0.13522,                0.24761,                   1.02,              0.0088615,              0.0088615,              0.0088615
                     25,                0.33559,                0.26976,                0.26212,                0.90331,                0.99269,                 0.9884,                0.99424,                0.92856,                0.99634,                0.99087,                 0.9949,                0.81189,                0.39687,                0.13246,                0.23863,                 1.0363,               0.008812,               0.008812,               0.008812
                     26,                0.33117,                0.26615,                0.25759,                0.89985,                0.99348,                0.98869,                0.99409,                0.92952,                0.99479,                0.98999,                0.99479,                0.82207,                0.39237,                0.13177,                0.24848,                 1.0241,              0.0087625,              0.0087625,              0.0087625
                     27,                0.33231,                0.26869,                0.25694,                 0.8998,                0.99244,                0.98882,                0.99413,                0.93168,                0.99478,                0.99058,                0.99491,                0.82836,                0.39371,                0.12895,                0.23697,                 1.0103,               0.008713,               0.008713,               0.008713
                     28,                0.32292,                0.26201,                0.25329,                0.89444,                0.99322,                0.99006,                0.99416,                 0.9346,                0.99564,                0.99116,                 0.9948,                0.82355,                0.38504,                0.12841,                0.24117,                 1.0221,              0.0086635,              0.0086635,              0.0086635
                     29,                0.32186,                0.25696,                0.25036,                0.89565,                0.99192,                0.99064,                0.99425,                0.93303,                0.99586,                0.98934,                 0.9949,                0.82523,                0.39369,                0.12996,                0.23704,                  1.029,               0.008614,               0.008614,               0.008614
                     30,                0.31654,                0.25211,                0.24705,                0.89245,                0.99394,                0.98908,                0.99419,                0.93487,                 0.9966,                 0.9916,                0.99486,                0.83778,                0.38698,                 0.1213,                 0.2334,                 1.0225,              0.0085645,              0.0085645,              0.0085645
                     31,                0.30996,                0.25135,                0.24256,                0.88791,                0.99377,                0.98427,                0.99402,                0.93288,                0.99482,                0.98531,                0.99475,                0.83781,                0.38617,                0.12228,                 0.2328,                 1.0245,               0.008515,               0.008515,               0.008515
                     32,                0.31027,                0.24905,                0.24191,                0.89023,                0.99385,                0.98895,                0.99419,                0.93428,                0.99581,                0.99011,                0.99475,                0.82689,                0.37834,                0.12643,                0.22848,                 1.0285,              0.0084655,              0.0084655,              0.0084655
                     33,                0.31051,                0.25027,                0.24111,                0.88863,                0.99376,                0.99051,                0.99421,                0.93536,                 0.9957,                 0.9922,                0.99493,                0.83723,                0.37232,                0.12008,                0.22415,                 1.0235,               0.008416,               0.008416,               0.008416
                     34,                0.30978,                0.24967,                0.24098,                0.88915,                0.99426,                0.99061,                0.99404,                0.92892,                0.99569,                0.99204,                0.99493,                0.83524,                0.37637,                0.12054,                0.22478,                 1.0455,              0.0083665,              0.0083665,              0.0083665
                     35,                0.30488,                0.24762,                0.23671,                0.88644,                0.99346,                0.99116,                0.99414,                 0.9354,                0.99517,                0.99035,                0.99487,                0.84059,                0.37059,                0.11946,                0.23002,                 1.0169,               0.008317,               0.008317,               0.008317
                     36,                0.30609,                0.24597,                0.23763,                 0.8888,                0.99339,                0.99194,                0.99427,                0.93419,                0.99556,                0.99402,                0.99496,                0.84137,                0.36858,                0.11912,                0.22426,                 1.0216,              0.0082675,              0.0082675,              0.0082675
                     37,                0.30163,                0.24468,                0.23404,                0.88366,                0.99294,                0.98697,                0.99403,                0.93064,                0.99444,                0.98726,                0.99485,                0.83143,                0.36865,                0.12116,                0.22419,                 1.0286,               0.008218,               0.008218,               0.008218
                     38,                0.29664,                0.23651,                0.23035,                0.88003,                0.99439,                0.99136,                0.99442,                0.93937,                0.99596,                0.99313,                0.99494,                0.84545,                0.36507,                0.11638,                0.22245,                 1.0264,              0.0081685,              0.0081685,              0.0081685
                     39,                 0.2951,                0.24112,                0.22874,                0.88303,                0.99477,                0.98966,                0.99395,                0.93797,                0.99618,                0.99077,                0.99493,                0.84293,                0.36748,                0.11938,                0.22467,                 1.0481,               0.008119,               0.008119,               0.008119
                     40,                0.29345,                0.24028,                0.23137,                0.88021,                0.99309,                0.99083,                0.99415,                0.93702,                 0.9944,                0.99213,                0.99493,                0.84271,                 0.3628,                0.11732,                0.21915,                 1.0307,              0.0080695,              0.0080695,              0.0080695
                     41,                0.29102,                0.23612,                0.22651,                0.88153,                0.99413,                0.98869,                 0.9941,                0.93684,                0.99608,                0.99066,                0.99485,                0.84535,                0.36469,                0.11462,                0.21949,                 1.0247,                0.00802,                0.00802,                0.00802
                     42,                0.28622,                0.22906,                0.22357,                0.87627,                0.99478,                0.99089,                 0.9941,                0.93347,                0.99686,                0.99239,                0.99494,                 0.8367,                0.36083,                0.11306,                0.21638,                 1.0272,              0.0079705,              0.0079705,              0.0079705
                     43,                0.28515,                0.23311,                0.22141,                0.87527,                0.99167,                 0.9905,                0.99429,                0.93531,                0.99375,                 0.9923,                 0.9949,                0.84824,                0.35208,                0.11272,                0.21644,                 1.0367,               0.007921,               0.007921,               0.007921
                     44,                0.28208,                0.22878,                0.22237,                0.87427,                0.99372,                0.98749,                0.99431,                0.94259,                0.99594,                0.98965,                0.99494,                 0.8582,                0.35472,                0.11298,                0.21262,                 1.0109,              0.0078715,              0.0078715,              0.0078715
                     45,                0.28012,                0.23207,                0.21912,                0.87396,                 0.9932,                0.99103,                0.99431,                0.93976,                0.99543,                0.99215,                0.99491,                0.85311,                0.35162,                0.11096,                0.21484,                 1.0165,               0.007822,               0.007822,               0.007822
                     46,                0.27685,                0.22959,                0.21589,                0.87188,                0.99581,                0.98902,                0.99415,                0.93733,                0.99738,                0.99058,                0.99489,                0.85027,                0.35644,                0.11126,                0.21202,                 1.0233,              0.0077725,              0.0077725,              0.0077725
                     47,                 0.2788,                0.23039,                0.21642,                0.87429,                0.99413,                0.99086,                0.99397,                0.93743,                0.99676,                0.99285,                0.99497,                0.85354,                0.34925,                0.10947,                0.21416,                 1.0288,               0.007723,               0.007723,               0.007723
                     48,                0.27404,                0.22788,                0.21645,                0.87095,                  0.994,                0.99063,                 0.9942,                0.93824,                 0.9958,                0.99259,                0.99495,                0.85218,                0.35211,                0.11095,                0.20678,                 1.0199,              0.0076735,              0.0076735,              0.0076735
                     49,                0.27356,                0.22787,                0.21529,                0.87106,                0.99221,                0.98973,                0.99434,                 0.9413,                0.99527,                0.99025,                0.99491,                0.85461,                0.34958,                0.10742,                0.21147,                 1.0139,               0.007624,               0.007624,               0.007624
                     50,                0.27257,                0.22465,                0.21405,                0.86912,                0.99542,                0.98958,                0.99419,                0.93716,                0.99751,                0.99142,                0.99497,                0.85268,                 0.3415,                0.10484,                0.20799,                 1.0156,              0.0075745,              0.0075745,              0.0075745
                     51,                0.27221,                 0.2263,                 0.2115,                0.87011,                0.99413,                0.99143,                0.99402,                 0.9393,                0.99619,                0.99272,                0.99493,                 0.8611,                0.34478,                0.10764,                0.20722,                  1.021,               0.007525,               0.007525,               0.007525
                     52,                0.27252,                0.22877,                0.21245,                0.87288,                0.99424,                 0.9909,                0.99425,                0.93652,                 0.9962,                0.99233,                0.99495,                0.85505,                0.34208,                0.10598,                0.20207,                 1.0216,              0.0074755,              0.0074755,              0.0074755
                     53,                0.26828,                0.22285,                0.21026,                0.86827,                0.99362,                0.99254,                0.99423,                 0.9434,                0.99743,                0.99246,                0.99495,                0.86292,                0.34053,                0.10298,                0.20154,                 1.0152,               0.007426,               0.007426,               0.007426
                     54,                0.26728,                  0.221,                0.21054,                 0.8693,                0.99388,                0.99192,                0.99431,                0.94387,                0.99518,                0.99322,                0.99495,                0.86137,                 0.3391,                0.10503,                 0.2059,                  1.006,              0.0073765,              0.0073765,              0.0073765
                     55,                0.26489,                0.21958,                0.20805,                0.86635,                0.99666,                0.98843,                0.99423,                0.93925,                0.99843,                0.98985,                0.99497,                0.85935,                0.34042,                0.10641,                0.20863,                 1.0167,               0.007327,               0.007327,               0.007327
                     56,                0.26294,                0.22193,                0.20618,                0.86731,                0.99387,                0.99163,                0.99422,                0.94357,                0.99492,                0.99292,                 0.9949,                0.86252,                0.33843,                0.10431,                0.20749,                 1.0267,              0.0072775,              0.0072775,              0.0072775
                     57,                0.26129,                0.22043,                0.20399,                0.86508,                0.99517,                0.99051,                0.99425,                0.94185,                0.99725,                0.99206,                0.99494,                0.86225,                0.33602,                0.10163,                0.19795,                 1.0009,               0.007228,               0.007228,               0.007228
                     58,                0.26434,                0.22017,                0.20628,                0.86719,                0.99371,                0.98604,                0.99413,                0.94197,                0.99541,                0.98727,                0.99486,                0.86062,                0.33834,                0.10347,                0.20357,                 1.0227,              0.0071785,              0.0071785,              0.0071785
                     59,                0.26181,                0.22021,                0.20407,                0.86468,                0.99402,                0.99155,                0.99435,                0.94223,                0.99652,                0.99285,                0.99493,                0.86468,                0.33671,                0.10283,                0.19855,                 1.0106,               0.007129,               0.007129,               0.007129
                     60,                0.25762,                0.21811,                0.20309,                0.86377,                0.99555,                0.98844,                 0.9943,                0.94134,                0.99701,                0.98986,                0.99493,                0.86095,                0.33342,                0.10252,                0.20234,                 1.0327,              0.0070795,              0.0070795,              0.0070795
                     61,                0.25415,                0.21973,                0.20105,                0.86214,                0.99574,                0.99116,                0.99444,                0.93916,                0.99757,                0.99298,                0.99497,                0.85541,                0.33308,                0.10327,                0.19848,                 1.0341,                0.00703,                0.00703,                0.00703
                     62,                0.25534,                0.21187,                0.19914,                0.86314,                0.99505,                0.99271,                0.99432,                0.94068,                0.99648,                0.99415,                0.99495,                0.86957,                0.32937,                0.09908,                0.19209,                  1.034,              0.0069805,              0.0069805,              0.0069805
                     63,                0.25888,                0.22054,                0.20227,                0.86389,                0.99483,                0.99155,                0.99425,                0.94269,                0.99752,                 0.9928,                0.99498,                0.86754,                0.33435,                0.09925,                0.19924,                   1.03,               0.006931,               0.006931,               0.006931
                     64,                0.25314,                0.21891,                0.19742,                0.86295,                0.99569,                0.99049,                0.99421,                0.93875,                0.99804,                0.99283,                0.99498,                 0.8634,                0.33004,                0.09892,                0.19524,                 1.0402,              0.0068815,              0.0068815,              0.0068815
                     65,                0.25158,                0.21551,                0.19709,                0.86147,                0.99363,                 0.9935,                0.99434,                 0.9433,                0.99702,                0.99363,                0.99497,                0.86402,                0.32802,                0.10033,                0.19593,                 1.0237,               0.006832,               0.006832,               0.006832
                     66,                0.25138,                0.21236,                0.19622,                0.85981,                0.99556,                0.99161,                0.99435,                0.94803,                  0.997,                0.99302,                0.99496,                0.87171,                0.32709,                0.09829,                0.19178,                 1.0067,              0.0067825,              0.0067825,              0.0067825
                     67,                0.24771,                0.21108,                0.19519,                0.85782,                0.99478,                0.98947,                0.99432,                0.94628,                0.99673,                0.99089,                0.99492,                0.87052,                 0.3275,                0.09931,                0.19595,                 1.0228,               0.006733,               0.006733,               0.006733
                     68,                0.24887,                0.21157,                0.19502,                 0.8601,                0.99659,                0.98872,                0.99423,                0.94748,                0.99803,                0.99004,                0.99494,                0.87606,                 0.3195,                0.09805,                0.19446,                 1.0085,              0.0066835,              0.0066835,              0.0066835
                     69,                0.24653,                0.20885,                0.19268,                0.85858,                0.99504,                0.99175,                0.99435,                 0.9457,                0.99708,                0.99337,                0.99498,                0.87104,                 0.3274,                0.09838,                0.19453,                 1.0208,               0.006634,               0.006634,               0.006634
                     70,                 0.2434,                0.20809,                0.19269,                0.85552,                0.99503,                0.99032,                0.99428,                0.94681,                0.99686,                0.99214,                0.99497,                0.87458,                0.32764,                0.09826,                0.19278,                 1.0287,              0.0065845,              0.0065845,              0.0065845
                     71,                0.24314,                0.21008,                0.19069,                0.85871,                0.99486,                0.99233,                0.99418,                0.94433,                0.99671,                0.99415,                0.99498,                0.87532,                 0.3233,                 0.0981,                0.19232,                 1.0548,               0.006535,               0.006535,               0.006535
                     72,                0.24114,                0.20633,                0.19019,                0.85649,                0.99559,                 0.9909,                0.99406,                0.94515,                0.99794,                0.99324,                0.99496,                0.87648,                 0.3196,                0.09633,                0.19143,                 1.0428,              0.0064855,              0.0064855,              0.0064855
                     73,                0.24263,                0.20417,                0.19025,                0.85727,                0.99452,                 0.9915,                0.99415,                 0.9469,                  0.997,                0.99397,                0.99495,                0.87688,                0.31878,                0.09627,                0.19205,                 1.0275,               0.006436,               0.006436,               0.006436
                     74,                0.24164,                0.20702,                0.18875,                0.85594,                 0.9962,                0.98787,                0.99422,                0.94695,                  0.999,                0.99051,                0.99496,                  0.879,                0.32013,                0.09514,                0.19114,                 1.0254,              0.0063865,              0.0063865,              0.0063865
                     75,                0.24098,                0.20471,                0.18874,                 0.8571,                0.99465,                0.99185,                0.99427,                0.94976,                0.99796,                0.99363,                0.99499,                0.88291,                0.31938,                0.09649,                0.19004,                 1.0366,               0.006337,               0.006337,               0.006337
                     76,                0.24092,                0.20423,                0.18896,                0.85512,                0.99568,                0.99181,                 0.9942,                0.94592,                  0.998,                0.99363,                0.99496,                0.87818,                0.31911,                0.09506,                0.18648,                 1.0322,              0.0062875,              0.0062875,              0.0062875
                     77,                0.23901,                0.20506,                0.18662,                0.85423,                 0.9953,                0.99195,                 0.9944,                0.94847,                0.99817,                0.99232,                0.99495,                 0.8813,                0.31731,                 0.0939,                0.18789,                 1.0367,               0.006238,               0.006238,               0.006238
                     78,                0.23437,                0.20333,                0.18476,                0.85363,                0.99647,                0.99087,                 0.9942,                0.94774,                0.99803,                0.99285,                0.99495,                0.87919,                0.31417,                0.09309,                 0.1867,                 1.0276,              0.0061885,              0.0061885,              0.0061885
                     79,                0.23484,                0.20495,                0.18352,                0.85135,                0.99548,                0.99142,                0.99418,                0.94809,                 0.9983,                0.99288,                0.99495,                0.88057,                0.31391,                0.09332,                0.19103,                 1.0245,               0.006139,               0.006139,               0.006139
                     80,                0.23617,                0.20589,                0.18534,                0.85368,                0.99634,                0.99075,                0.99421,                0.94912,                0.99781,                0.99233,                0.99494,                0.88134,                0.31288,                0.09406,                0.18824,                 1.0207,              0.0060895,              0.0060895,              0.0060895
                     81,                0.23447,                 0.2043,                 0.1836,                0.85246,                0.99529,                 0.9909,                0.99418,                0.94789,                0.99705,                0.99259,                0.99494,                0.87917,                0.31418,                0.09401,                0.18787,                 1.0315,                0.00604,                0.00604,                0.00604
                     82,                 0.2333,                0.20285,                0.18374,                0.85189,                0.99465,                0.99095,                0.99423,                0.94666,                0.99648,                0.99277,                0.99494,                0.87742,                 0.3133,                0.09324,                0.18674,                 1.0289,              0.0059905,              0.0059905,              0.0059905
                     83,                0.23062,                0.19717,                0.18053,                0.85066,                0.99543,                0.99131,                0.99418,                0.94894,                0.99726,                0.99298,                0.99495,                0.88439,                0.31346,                0.09349,                0.18648,                 1.0407,               0.005941,               0.005941,               0.005941
                     84,                0.22925,                0.19952,                0.18005,                0.85292,                0.99556,                0.99229,                0.99421,                0.95003,                  0.997,                0.99305,                0.99494,                0.88101,                0.31175,                0.09493,                0.18564,                 1.0462,              0.0058915,              0.0058915,              0.0058915
                     85,                0.23176,                0.19835,                0.18114,                0.85107,                0.99582,                0.99164,                0.99427,                0.94924,                0.99757,                0.99337,                0.99494,                0.88252,                0.31171,                0.09191,                0.18522,                 1.0358,               0.005842,               0.005842,               0.005842
                     86,                0.23056,                0.19694,                0.18159,                0.85157,                0.99535,                0.99129,                0.99423,                0.94918,                0.99733,                0.99324,                0.99496,                0.88377,                0.30645,                0.09142,                0.18698,                 1.0361,              0.0057925,              0.0057925,              0.0057925
                     87,                0.22938,                0.19908,                0.17938,                0.85063,                0.99583,                0.99269,                0.99428,                0.94832,                0.99722,                0.99454,                0.99495,                0.88179,                0.30596,                0.09118,                0.18598,                 1.0387,               0.005743,               0.005743,               0.005743
                     88,                0.22899,                0.19822,                0.17944,                0.85159,                0.99621,                0.99201,                0.99429,                0.95096,                0.99817,                0.99391,                0.99495,                0.88602,                0.30748,                0.09488,                0.18641,                 1.0373,              0.0056935,              0.0056935,              0.0056935
                     89,                0.22348,                0.19739,                 0.1763,                0.84795,                0.99511,                0.99272,                0.99423,                0.94764,                0.99708,                0.99454,                0.99494,                 0.8853,                 0.3095,                0.09461,                0.18895,                  1.042,               0.005644,               0.005644,               0.005644
                     90,                0.22476,                0.19564,                0.17638,                0.84694,                0.99465,                 0.9921,                0.99423,                0.95191,                0.99707,                0.99402,                0.99495,                0.88816,                0.30593,                0.09266,                0.18476,                 1.0361,              0.0055945,              0.0055945,              0.0055945
                     91,                0.22442,                0.19711,                0.17631,                0.84939,                0.99619,                0.99168,                0.99419,                0.95139,                0.99815,                0.99363,                0.99495,                0.88803,                 0.3043,                0.09198,                0.17945,                 1.0357,               0.005545,               0.005545,               0.005545
                     92,                0.22363,                0.19311,                0.17496,                0.85017,                0.99634,                0.99202,                0.99417,                0.95163,                0.99843,                  0.994,                0.99499,                0.88644,                0.30224,                 0.0914,                0.18016,                   1.05,              0.0054955,              0.0054955,              0.0054955
                     93,                0.22119,                0.19509,                0.17524,                0.84932,                0.99556,                0.99207,                0.99429,                 0.9516,                0.99791,                0.99399,                0.99496,                  0.888,                0.30524,                0.09151,                0.18409,                 1.0532,               0.005446,               0.005446,               0.005446
                     94,                  0.222,                0.19725,                0.17338,                0.84791,                0.99442,                0.99389,                0.99424,                0.94981,                0.99713,                0.99506,                0.99499,                0.88914,                 0.3009,                0.09032,                0.17547,                 1.0511,              0.0053965,              0.0053965,              0.0053965
                     95,                0.22298,                0.19915,                0.17385,                0.84948,                 0.9959,                0.99129,                 0.9941,                0.94872,                0.99817,                0.99313,                0.99495,                0.88787,                0.30307,                0.09209,                0.17925,                 1.0644,               0.005347,               0.005347,               0.005347
                     96,                0.21892,                0.18955,                0.17195,                0.84611,                 0.9944,                0.99284,                0.99418,                0.95009,                0.99841,                0.99272,                0.99499,                0.88743,                0.30273,                0.09208,                0.17914,                 1.0572,              0.0052975,              0.0052975,              0.0052975
                     97,                0.22024,                0.19292,                0.17263,                0.84693,                0.99453,                 0.9932,                0.99414,                0.95225,                 0.9969,                0.99545,                0.99499,                0.88857,                0.30201,                0.08988,                0.17575,                 1.0411,               0.005248,               0.005248,               0.005248
                     98,                0.21935,                0.19464,                0.17304,                0.84928,                0.99402,                0.99324,                 0.9942,                0.95092,                0.99665,                0.99376,                0.99498,                 0.8857,                0.30311,                0.09186,                 0.1765,                  1.051,              0.0051985,              0.0051985,              0.0051985
                     99,                0.21837,                 0.1903,                0.17181,                0.84778,                0.99647,                0.99064,                0.99425,                0.95061,                0.99883,                0.99298,                0.99496,                0.88744,                0.30158,                0.09073,                0.17966,                 1.0544,               0.005149,               0.005149,               0.005149
                    100,                0.21707,                0.19316,                0.17018,                0.84555,                0.99401,                0.99194,                0.99424,                0.95084,                0.99672,                0.99428,                0.99495,                0.88788,                 0.3033,                0.09146,                0.18271,                 1.0434,              0.0050995,              0.0050995,              0.0050995
                    101,                0.21568,                0.18918,                0.16924,                0.84443,                0.99659,                0.98948,                0.99424,                0.95188,                0.99895,                0.99173,                0.99495,                0.88802,                0.30319,                0.08933,                 0.1816,                 1.0408,                0.00505,                0.00505,                0.00505
                    102,                0.21417,                0.18977,                0.16976,                0.84399,                0.99634,                0.99061,                0.99421,                0.95144,                0.99823,                0.99311,                0.99495,                0.89133,                0.30374,                0.08882,                0.18108,                 1.0467,              0.0050005,              0.0050005,              0.0050005
                    103,                0.21179,                0.18654,                0.16817,                 0.8419,                0.99465,                0.99184,                0.99416,                0.95149,                0.99648,                0.99367,                0.99495,                0.89244,                0.30211,                0.08942,                 0.1799,                 1.0439,               0.004951,               0.004951,               0.004951
                    104,                0.21471,                0.18484,                 0.1687,                  0.845,                0.99491,                0.99223,                 0.9943,                0.95161,                 0.9971,                0.99389,                0.99495,                0.89343,                0.30134,                0.08887,                0.17423,                 1.0503,              0.0049015,              0.0049015,              0.0049015
                    105,                0.21391,                0.19121,                0.16879,                0.84611,                0.99673,                0.99231,                0.99436,                0.94966,                0.99869,                0.99436,                0.99496,                0.88798,                0.30309,                0.08971,                0.17743,                 1.0564,               0.004852,               0.004852,               0.004852
                    106,                0.21369,                0.19128,                0.16764,                0.84467,                0.99584,                0.99129,                0.99435,                0.95134,                0.99807,                 0.9935,                0.99499,                0.88841,                0.29987,                0.08828,                0.17701,                 1.0494,              0.0048025,              0.0048025,              0.0048025
                    107,                0.20974,                0.18669,                0.16582,                0.84214,                0.99686,                0.99095,                 0.9944,                0.95123,                0.99908,                0.99289,                0.99495,                0.88964,                0.30061,                0.08788,                0.17782,                  1.053,               0.004753,               0.004753,               0.004753
                    108,                0.20723,                0.18396,                0.16348,                0.84185,                0.99598,                0.99038,                0.99421,                0.94951,                0.99837,                0.99272,                0.99499,                0.88823,                0.30093,                0.08762,                0.17925,                 1.0609,              0.0047035,              0.0047035,              0.0047035
                    109,                0.20767,                0.18593,                0.16431,                0.84152,                0.99601,                0.99155,                0.99428,                  0.951,                0.99823,                0.99376,                0.99499,                0.89015,                0.29927,                 0.0872,                0.17681,                 1.0595,               0.004654,               0.004654,               0.004654
                    110,                0.20825,                0.18776,                0.16444,                0.84236,                  0.996,                 0.9922,                0.99425,                0.95147,                0.99819,                0.99441,                0.99495,                0.89015,                0.30109,                0.08775,                0.17846,                 1.0585,              0.0046045,              0.0046045,              0.0046045
                    111,                0.20683,                0.18392,                0.16437,                0.84236,                0.99629,                 0.9922,                0.99423,                0.95113,                0.99856,                0.99411,                0.99495,                0.89245,                0.30029,                 0.0875,                0.17959,                 1.0625,               0.004555,               0.004555,               0.004555
                    112,                0.20455,                0.18372,                0.16198,                0.84151,                0.99543,                0.99185,                0.99425,                 0.9516,                0.99813,                0.99415,                0.99499,                0.89202,                 0.2988,                0.08845,                0.17517,                 1.0586,              0.0045055,              0.0045055,              0.0045055
                    113,                0.20709,                0.18488,                0.16211,                0.84142,                0.99643,                0.99168,                0.99426,                 0.9528,                0.99854,                0.99376,                0.99499,                0.89396,                0.29793,                0.08864,                 0.1742,                 1.0478,               0.004456,               0.004456,               0.004456
                    114,                0.20513,                0.18172,                0.16201,                0.84118,                0.99585,                0.99142,                0.99425,                 0.9527,                0.99807,                0.99363,                0.99495,                0.89561,                0.29774,                0.08797,                0.17681,                  1.051,              0.0044065,              0.0044065,              0.0044065
                    115,                0.20325,                0.18381,                0.16073,                0.83923,                0.99585,                0.99038,                0.99419,                0.95246,                0.99827,                0.99272,                0.99495,                0.89452,                0.29748,                0.08606,                0.17677,                 1.0529,               0.004357,               0.004357,               0.004357
                    116,                0.20168,                0.18049,                0.15939,                0.84016,                0.99621,                0.99097,                0.99419,                0.95294,                 0.9983,                0.99299,                0.99495,                0.89488,                0.29466,                0.08541,                0.17511,                 1.0483,              0.0043075,              0.0043075,              0.0043075
                    117,                0.20352,                0.18402,                0.15924,                0.84093,                0.99582,                0.99069,                0.99419,                 0.9523,                0.99804,                 0.9929,                0.99496,                0.89631,                0.29365,                0.08519,                0.17572,                 1.0514,               0.004258,               0.004258,               0.004258
                    118,                0.20055,                0.17957,                0.15812,                0.84049,                0.99582,                0.99236,                0.99417,                0.95171,                0.99804,                0.99452,                0.99496,                0.89559,                 0.2926,                0.08562,                0.17429,                 1.0599,              0.0042085,              0.0042085,              0.0042085
                    119,                0.20122,                0.17821,                0.15776,                0.84073,                0.99612,                0.99259,                0.99417,                0.95259,                 0.9983,                0.99453,                0.99496,                0.89582,                0.29246,                0.08498,                0.17514,                 1.0647,               0.004159,               0.004159,               0.004159
                    120,                0.20123,                0.18131,                0.15819,                0.83967,                 0.9963,                0.99155,                0.99415,                0.95197,                0.99873,                0.99376,                0.99499,                0.89613,                0.29209,                0.08565,                0.17496,                 1.0632,              0.0041095,              0.0041095,              0.0041095
                    121,                 0.1965,                0.17561,                0.15572,                0.83776,                 0.9962,                0.98978,                 0.9941,                 0.9512,                0.99818,                0.99155,                0.99495,                0.89382,                0.29251,                0.08568,                0.17649,                 1.0642,                0.00406,                0.00406,                0.00406
                    122,                0.19927,                0.17838,                0.15617,                0.83923,                0.99516,                0.99013,                0.99417,                0.95151,                0.99786,                0.99168,                0.99498,                0.89461,                0.29204,                0.08575,                0.17626,                 1.0658,              0.0040105,              0.0040105,              0.0040105
                    123,                0.19812,                0.18007,                0.15472,                0.83958,                0.99579,                0.99025,                0.99422,                0.95168,                 0.9983,                0.99227,                0.99499,                0.89592,                0.29109,                0.08534,                0.17664,                 1.0661,               0.003961,               0.003961,               0.003961
                    124,                0.19717,                0.17803,                0.15562,                0.83648,                0.99595,                0.99034,                0.99414,                0.95265,                 0.9983,                0.99216,                0.99499,                0.89633,                0.29015,                0.08583,                0.17497,                 1.0536,              0.0039115,              0.0039115,              0.0039115
                    125,                 0.1976,                0.18312,                0.15525,                0.83917,                0.99647,                 0.9899,                0.99415,                0.95319,                0.99882,                 0.9919,                0.99499,                0.89765,                 0.2906,                0.08619,                0.17395,                 1.0517,               0.003862,               0.003862,               0.003862
                    126,                0.19592,                0.17721,                  0.154,                0.83653,                0.99647,                0.99039,                0.99413,                0.95327,                0.99804,                0.99245,                0.99495,                0.89875,                0.29036,                0.08591,                0.17438,                 1.0569,              0.0038125,              0.0038125,              0.0038125
                    127,                 0.1936,                0.17952,                0.15396,                0.83706,                 0.9966,                0.99038,                0.99413,                0.95355,                 0.9987,                0.99246,                0.99499,                0.89887,                0.28977,                0.08553,                0.17325,                 1.0592,               0.003763,               0.003763,               0.003763
                    128,                0.19271,                0.17575,                0.15287,                0.83534,                 0.9958,                0.99064,                0.99416,                0.95329,                0.99799,                0.99272,                0.99494,                0.90002,                0.28922,                0.08511,                0.17304,                 1.0575,              0.0037135,              0.0037135,              0.0037135
                    129,                0.19075,                0.17538,                0.14963,                0.83564,                0.99556,                0.99165,                 0.9942,                0.95337,                0.99799,                0.99324,                0.99495,                0.90159,                0.28954,                0.08621,                0.17361,                 1.0552,               0.003664,               0.003664,               0.003664
                    130,                0.19401,                0.17618,                0.15126,                0.83722,                0.99593,                0.99155,                0.99423,                0.95453,                0.99794,                0.99337,                0.99495,                 0.9012,                0.28978,                0.08593,                0.17238,                 1.0515,              0.0036145,              0.0036145,              0.0036145
                    131,                0.19239,                0.17923,                0.15286,                0.83769,                0.99634,                0.99168,                0.99426,                0.95422,                0.99824,                0.99337,                0.99495,                0.89921,                0.28879,                 0.0864,                0.17138,                 1.0527,               0.003565,               0.003565,               0.003565
                    132,                0.19018,                 0.1724,                0.15108,                0.83568,                0.99634,                0.99174,                0.99424,                0.95461,                0.99852,                0.99376,                0.99499,                0.89877,                0.28836,                0.08527,                0.16967,                 1.0511,              0.0035155,              0.0035155,              0.0035155
                    133,                0.18909,                0.17298,                0.15043,                0.83317,                0.99647,                0.99239,                0.99422,                0.95446,                0.99873,                0.99311,                0.99495,                0.89884,                0.28908,                0.08503,                0.17033,                 1.0533,               0.003466,               0.003466,               0.003466
                    134,                0.18952,                0.17307,                0.14962,                0.83644,                0.99583,                0.99287,                0.99425,                0.95466,                0.99867,                 0.9935,                0.99495,                0.90095,                0.28835,                0.08479,                0.16836,                 1.0533,              0.0034165,              0.0034165,              0.0034165
                    135,                0.18917,                0.17561,                0.14964,                0.83483,                0.99607,                0.99298,                0.99422,                0.95447,                0.99817,                0.99395,                0.99495,                0.90029,                0.28861,                0.08416,                0.17022,                 1.0566,               0.003367,               0.003367,               0.003367
                    136,                0.18862,                0.17477,                0.14891,                 0.8353,                0.99622,                0.99259,                0.99422,                0.95465,                0.99843,                0.99399,                0.99495,                0.90094,                0.28743,                0.08414,                 0.1695,                 1.0588,              0.0033175,              0.0033175,              0.0033175
                    137,                0.18821,                0.17094,                0.14701,                0.83438,                0.99634,                0.99179,                 0.9942,                0.95488,                0.99828,                0.99324,                0.99495,                0.90136,                0.28692,                0.08417,                0.17016,                 1.0586,               0.003268,               0.003268,               0.003268
                    138,                0.18726,                0.17263,                0.14795,                0.83474,                 0.9966,                0.99111,                0.99425,                0.95519,                0.99869,                0.99262,                0.99495,                0.90087,                0.28701,                0.08434,                0.17007,                 1.0577,              0.0032185,              0.0032185,              0.0032185
                    139,                0.18513,                0.17459,                0.14573,                0.83307,                0.99621,                0.99137,                0.99426,                0.95514,                0.99856,                0.99266,                0.99495,                 0.9029,                0.28697,                 0.0844,                 0.1688,                 1.0562,               0.003169,               0.003169,               0.003169
                    140,                0.18365,                0.17135,                0.14486,                0.83397,                0.99616,                0.99181,                0.99424,                0.95533,                0.99851,                0.99298,                0.99499,                0.90217,                0.28657,                0.08465,                0.16923,                 1.0591,              0.0031195,              0.0031195,              0.0031195
                    141,                0.18305,                0.16996,                0.14521,                 0.8325,                0.99646,                0.99194,                0.99429,                0.95508,                0.99895,                0.99284,                0.99499,                0.90121,                0.28587,                 0.0846,                0.16808,                 1.0584,                0.00307,                0.00307,                0.00307
                    142,                0.18317,                0.17028,                0.14499,                0.83365,                0.99622,                0.99142,                0.99428,                0.95505,                0.99835,                0.99285,                0.99499,                0.90145,                0.28513,                0.08428,                0.16839,                  1.057,              0.0030205,              0.0030205,              0.0030205
                    143,                0.18251,                0.17191,                0.14392,                0.83417,                0.99615,                0.99168,                0.99427,                0.95508,                0.99814,                0.99259,                0.99495,                0.90259,                0.28453,                0.08438,                0.16835,                 1.0585,               0.002971,               0.002971,               0.002971
                    144,                0.17992,                0.16934,                0.14232,                0.83308,                0.99582,                0.99219,                0.99429,                0.95521,                0.99778,                0.99278,                0.99495,                0.90262,                0.28427,                0.08455,                0.16727,                 1.0597,              0.0029215,              0.0029215,              0.0029215
                    145,                0.18098,                0.16944,                0.14237,                0.83271,                0.99635,                0.99194,                0.99431,                0.95515,                0.99791,                0.99337,                0.99495,                0.90216,                0.28411,                0.08476,                 0.1672,                 1.0607,               0.002872,               0.002872,               0.002872
                    146,                0.17858,                0.16903,                0.14193,                0.83014,                0.99624,                0.99207,                0.99432,                0.95482,                0.99778,                0.99353,                0.99495,                0.90122,                0.28353,                  0.085,                0.16687,                 1.0619,              0.0028225,              0.0028225,              0.0028225
                    147,                 0.1776,                0.16565,                  0.141,                0.83091,                0.99621,                0.99194,                0.99433,                0.95521,                0.99791,                 0.9935,                0.99495,                0.90155,                0.28338,                0.08467,                0.16679,                  1.061,               0.002773,               0.002773,               0.002773
                    148,                0.17871,                0.16749,                0.14138,                0.83114,                0.99634,                0.99212,                0.99433,                0.95561,                0.99765,                0.99338,                0.99495,                0.90099,                0.28295,                0.08465,                0.16607,                 1.0588,              0.0027235,              0.0027235,              0.0027235
                    149,                0.17861,                0.16645,                0.14088,                0.83153,                0.99634,                0.99208,                0.99435,                0.95596,                0.99791,                 0.9936,                0.99495,                0.90188,                0.28308,                0.08404,                0.16714,                  1.058,               0.002674,               0.002674,               0.002674
                    150,                0.17577,                0.16719,                0.14003,                0.82906,                0.99588,                0.99246,                0.99435,                0.95592,                0.99778,                0.99387,                0.99496,                0.90245,                0.28287,                0.08386,                0.16672,                 1.0558,              0.0026245,              0.0026245,              0.0026245
                    151,                0.17622,                0.16512,                0.14045,                0.83057,                0.99608,                0.99211,                0.99434,                0.95619,                0.99782,                0.99363,                0.99495,                0.90177,                0.28285,                0.08336,                0.16702,                 1.0556,               0.002575,               0.002575,               0.002575
                    152,                0.17456,                0.16434,                 0.1389,                 0.8299,                0.99608,                0.99226,                0.99434,                0.95649,                0.99808,                0.99376,                0.99496,                0.90163,                0.28319,                0.08312,                 0.1682,                 1.0567,              0.0025255,              0.0025255,              0.0025255
                    153,                0.17493,                0.16768,                0.13959,                0.82829,                0.99619,                0.99246,                0.99434,                0.95655,                 0.9981,                0.99402,                0.99495,                0.90205,                0.28318,                0.08304,                0.16834,                 1.0559,               0.002476,               0.002476,               0.002476
                    154,                0.17238,                0.16484,                0.13781,                0.82892,                0.99645,                0.99233,                0.99433,                0.95669,                0.99848,                0.99389,                0.99495,                0.90207,                0.28296,                0.08313,                0.16681,                  1.055,              0.0024265,              0.0024265,              0.0024265
                    155,                0.17245,                0.16351,                0.13686,                0.82815,                0.99645,                0.99285,                0.99429,                 0.9564,                 0.9982,                0.99376,                0.99495,                0.90277,                 0.2834,                0.08322,                0.16789,                 1.0567,               0.002377,               0.002377,               0.002377
                    156,                0.17098,                0.16381,                 0.1362,                0.82909,                0.99632,                0.99298,                0.99427,                0.95685,                0.99827,                0.99402,                0.99495,                0.90129,                 0.2832,                0.08317,                0.16829,                 1.0582,              0.0023275,              0.0023275,              0.0023275
                    157,                0.16997,                0.16271,                0.13564,                0.82801,                0.99635,                0.99298,                0.99424,                0.95684,                0.99831,                0.99376,                0.99495,                0.90207,                0.28269,                0.08291,                0.16702,                 1.0584,               0.002278,               0.002278,               0.002278
                    158,                0.17106,                0.16628,                0.13633,                0.82898,                0.99583,                 0.9933,                0.99421,                 0.9568,                0.99745,                0.99454,                0.99495,                0.90262,                0.28253,                0.08264,                0.16791,                 1.0585,              0.0022285,              0.0022285,              0.0022285
                    159,                0.16909,                0.16093,                0.13348,                0.82742,                0.99605,                0.99324,                0.99423,                0.95677,                0.99761,                 0.9948,                0.99495,                0.90267,                0.28236,                 0.0826,                 0.1672,                 1.0586,               0.002179,               0.002179,               0.002179
                    160,                0.17014,                0.16382,                0.13503,                0.82887,                0.99608,                0.99324,                0.99425,                0.95687,                0.99809,                0.99376,                0.99495,                0.90296,                0.28225,                0.08228,                 0.1669,                 1.0594,              0.0021295,              0.0021295,              0.0021295
                    161,                0.16916,                0.16288,                0.13425,                0.82779,                0.99596,                0.99273,                0.99426,                0.95681,                0.99821,                 0.9935,                0.99495,                0.90398,                0.28214,                0.08247,                0.16702,                 1.0603,                0.00208,                0.00208,                0.00208
                    162,                0.16737,                0.16073,                 0.1325,                0.82777,                0.99578,                0.99272,                0.99423,                 0.9566,                0.99817,                0.99362,                0.99495,                0.90433,                0.28174,                 0.0823,                0.16653,                 1.0605,              0.0020305,              0.0020305,              0.0020305
                    163,                0.16624,                0.15977,                 0.1328,                0.82718,                0.99546,                0.99298,                0.99424,                0.95669,                0.99843,                0.99363,                0.99495,                0.90484,                0.28192,                0.08211,                0.16676,                 1.0616,               0.001981,               0.001981,               0.001981
                    164,                0.16554,                 0.1622,                0.13207,                0.82624,                0.99541,                0.99298,                0.99423,                0.95653,                0.99834,                0.99363,                0.99495,                0.90534,                0.28214,                0.08197,                0.16695,                 1.0636,              0.0019315,              0.0019315,              0.0019315
                    165,                0.16509,                0.15729,                0.13086,                0.82656,                0.99608,                0.99247,                0.99425,                0.95631,                0.99833,                 0.9935,                0.99495,                0.90561,                0.28223,                0.08198,                0.16782,                 1.0658,               0.001882,               0.001882,               0.001882
                    166,                0.16638,                0.16167,                0.13142,                0.82703,                0.99609,                0.99276,                0.99426,                0.95651,                0.99843,                0.99376,                0.99495,                 0.9056,                0.28172,                0.08198,                0.16699,                 1.0666,              0.0018325,              0.0018325,              0.0018325
                    167,                0.16287,                0.16119,                0.12962,                0.82594,                0.99615,                0.99259,                0.99428,                0.95665,                0.99849,                0.99376,                0.99495,                0.90515,                0.28164,                0.08214,                0.16724,                 1.0674,               0.001783,               0.001783,               0.001783
                    168,                0.16443,                  0.159,                0.12923,                0.82669,                0.99518,                 0.9933,                0.99427,                0.95651,                0.99848,                0.99376,                0.99495,                0.90487,                0.28158,                0.08232,                0.16654,                 1.0688,              0.0017335,              0.0017335,              0.0017335
                    169,                0.16336,                0.15885,                0.12894,                0.82683,                0.99522,                0.99298,                0.99425,                0.95642,                0.99852,                0.99389,                0.99495,                0.90386,                0.28167,                0.08243,                0.16614,                 1.0698,               0.001684,               0.001684,               0.001684
                    170,                0.16051,                0.15752,                0.12869,                0.82335,                0.99601,                0.99259,                0.99426,                0.95641,                0.99835,                0.99376,                0.99495,                0.90408,                0.28146,                0.08253,                0.16639,                 1.0695,              0.0016345,              0.0016345,              0.0016345
                    171,                0.15995,                0.15452,                0.12724,                0.82563,                  0.996,                0.99259,                0.99424,                0.95626,                0.99862,                0.99402,                0.99495,                0.90377,                0.28129,                0.08252,                0.16624,                 1.0698,               0.001585,               0.001585,               0.001585
                    172,                0.15875,                0.15593,                 0.1268,                0.82513,                 0.9966,                0.99239,                0.99426,                0.95635,                0.99865,                0.99389,                0.99495,                0.90467,                0.28149,                0.08239,                0.16612,                 1.0713,              0.0015355,              0.0015355,              0.0015355
                    173,                0.15911,                0.15573,                0.12677,                0.82516,                0.99657,                0.99259,                0.99425,                0.95623,                0.99856,                0.99397,                0.99495,                0.90478,                0.28145,                0.08229,                0.16619,                 1.0707,               0.001486,               0.001486,               0.001486
                    174,                 0.1587,                0.15631,                0.12603,                0.82631,                 0.9966,                 0.9925,                0.99423,                0.95618,                0.99856,                0.99415,                0.99496,                0.90482,                0.28121,                0.08233,                0.16587,                 1.0692,              0.0014365,              0.0014365,              0.0014365
                    175,                0.15838,                0.15607,                0.12618,                0.82371,                 0.9966,                0.99243,                0.99421,                0.95624,                0.99849,                0.99402,                0.99496,                0.90496,                0.28114,                0.08266,                0.16605,                 1.0701,               0.001387,               0.001387,               0.001387
                    176,                0.15778,                0.15951,                0.12605,                0.82525,                 0.9966,                 0.9925,                0.99422,                0.95634,                0.99847,                0.99415,                0.99496,                  0.905,                0.28079,                0.08226,                0.16635,                 1.0705,              0.0013375,              0.0013375,              0.0013375
                    177,                0.15494,                0.15432,                0.12423,                0.82353,                 0.9966,                0.99228,                0.99423,                0.95635,                0.99839,                0.99389,                0.99496,                 0.9048,                0.28094,                0.08231,                 0.1668,                 1.0716,               0.001288,               0.001288,               0.001288
                    178,                0.15606,                0.15563,                0.12404,                0.82424,                0.99653,                 0.9922,                0.99424,                 0.9564,                0.99838,                0.99389,                0.99496,                0.90488,                 0.2811,                0.08223,                0.16715,                 1.0728,              0.0012385,              0.0012385,              0.0012385
                    179,                0.15403,                0.15083,                0.12217,                0.82291,                0.99645,                0.99246,                0.99424,                0.95639,                0.99839,                0.99389,                0.99496,                0.90497,                0.28128,                0.08242,                0.16699,                 1.0737,               0.001189,               0.001189,               0.001189
                    180,                0.15378,                0.15352,                0.12274,                0.82209,                0.99635,                0.99281,                0.99424,                0.95649,                0.99833,                0.99402,                0.99496,                0.90476,                0.28097,                0.08231,                0.16665,                 1.0729,              0.0011395,              0.0011395,              0.0011395
                    181,                0.15487,                0.15576,                0.12279,                0.82493,                0.99635,                0.99266,                0.99425,                0.95655,                0.99827,                0.99389,                0.99496,                 0.9045,                0.28081,                0.08205,                0.16681,                 1.0727,                0.00109,                0.00109,                0.00109
                    182,                0.15109,                0.15352,                0.12158,                0.82258,                0.99556,                0.99324,                0.99426,                0.95655,                0.99835,                0.99402,                0.99496,                0.90508,                0.28066,                0.08221,                0.16655,                  1.073,              0.0010405,              0.0010405,              0.0010405
                    183,                0.15187,                0.15527,                0.12162,                0.82364,                0.99635,                0.99269,                0.99427,                0.95658,                0.99836,                0.99402,                0.99496,                0.90557,                 0.2806,                0.08217,                0.16731,                 1.0732,               0.000991,               0.000991,               0.000991
                    184,                0.15034,                0.14965,                0.11983,                0.82357,                0.99563,                0.99324,                0.99426,                 0.9566,                0.99834,                0.99402,                0.99496,                0.90559,                 0.2805,                0.08217,                0.16684,                 1.0729,              0.0009415,              0.0009415,              0.0009415
                    185,                0.15007,                0.15253,                0.11977,                0.82237,                0.99561,                0.99324,                0.99425,                0.95668,                0.99836,                0.99402,                0.99496,                0.90568,                0.28041,                0.08213,                0.16651,                 1.0724,               0.000892,               0.000892,               0.000892
                    186,                0.14975,                0.15142,                0.11916,                0.82345,                 0.9957,                0.99338,                0.99425,                0.95661,                0.99838,                0.99402,                0.99496,                0.90603,                0.28045,                0.08209,                0.16602,                 1.0722,              0.0008425,              0.0008425,              0.0008425
                    187,                0.14681,                0.14723,                0.11739,                0.82102,                 0.9956,                 0.9935,                0.99425,                0.95661,                0.99831,                0.99402,                0.99496,                 0.9064,                0.27998,                0.08198,                0.16593,                 1.0708,               0.000793,               0.000793,               0.000793
                    188,                0.14735,                0.14993,                0.11786,                0.82109,                0.99544,                0.99384,                0.99425,                 0.9567,                0.99827,                0.99402,                0.99496,                0.90613,                0.27968,                0.08214,                0.16609,                 1.0705,              0.0007435,              0.0007435,              0.0007435
                    189,                0.14761,                0.15155,                0.11818,                0.82198,                0.99544,                0.99384,                0.99425,                0.95671,                0.99817,                0.99411,                0.99496,                0.90608,                0.27956,                0.08211,                0.16595,                 1.0706,               0.000694,               0.000694,               0.000694
                    190,                0.14487,                0.14855,                0.11571,                0.82132,                0.99568,                0.99363,                0.99424,                0.95677,                0.99833,                0.99402,                0.99496,                0.90636,                0.27931,                0.08202,                0.16594,                 1.0707,              0.0006445,              0.0006445,              0.0006445
                    191,                0.11483,                0.09632,                0.09525,                0.80091,                 0.9957,                0.99357,                0.99424,                0.95685,                0.99836,                0.99389,                0.99496,                0.90663,                0.27932,                0.08207,                0.16595,                 1.0719,               0.000595,               0.000595,               0.000595
                    192,                0.10884,                0.09358,                0.09232,                0.79657,                 0.9957,                 0.9936,                0.99425,                 0.9569,                 0.9983,                0.99413,                0.99496,                0.90644,                0.27928,                0.08213,                0.16584,                 1.0728,              0.0005455,              0.0005455,              0.0005455
                    193,                0.10819,                0.09312,                0.09178,                0.79964,                 0.9957,                0.99348,                0.99425,                0.95701,                0.99793,                0.99441,                0.99496,                0.90684,                0.27918,                0.08223,                0.16551,                 1.0736,               0.000496,               0.000496,               0.000496
                    194,                0.10614,                0.09289,                0.09059,                0.79792,                 0.9957,                 0.9937,                0.99422,                0.95704,                0.99754,                0.99454,                0.99496,                0.90701,                0.27915,                0.08208,                0.16529,                 1.0741,              0.0004465,              0.0004465,              0.0004465
                    195,                0.10487,                 0.0918,                 0.0897,                0.79743,                 0.9957,                0.99342,                0.99423,                0.95722,                0.99817,                0.99402,                0.99496,                0.90746,                0.27901,                0.08216,                0.16477,                 1.0744,               0.000397,               0.000397,               0.000397
                    196,                0.10492,                0.09058,                 0.0894,                 0.7956,                0.99583,                0.99358,                0.99422,                0.95726,                 0.9983,                0.99418,                0.99496,                0.90745,                0.27877,                0.08217,                0.16442,                 1.0746,              0.0003475,              0.0003475,              0.0003475
                    197,                0.10273,                0.08989,                0.08799,                  0.797,                0.99596,                0.99376,                0.99423,                0.95724,                0.99824,                0.99454,                0.99496,                0.90791,                0.27859,                0.08211,                0.16431,                 1.0748,               0.000298,               0.000298,               0.000298
                    198,                 0.1009,                0.09023,                0.08701,                0.79575,                0.99583,                0.99364,                0.99424,                0.95733,                0.99819,                0.99454,                0.99496,                0.90785,                0.27835,                 0.0821,                0.16423,                 1.0747,              0.0002485,              0.0002485,              0.0002485
                    199,                0.09994,                0.08942,                0.08622,                 0.7971,                0.99583,                0.99363,                0.99423,                0.95737,                0.99818,                0.99441,                0.99496,                0.90807,                 0.2783,                0.08211,                0.16419,                 1.0752,               0.000199,               0.000199,               0.000199
                    200,                0.09854,                0.09045,                0.08528,                0.79638,                0.99578,                0.99389,                0.99424,                0.95743,                 0.9983,                0.99424,                0.99496,                0.90832,                0.27824,                0.08214,                0.16414,                 1.0755,              0.0001495,              0.0001495,              0.0001495
